PhysicalDataID,Date,Station Code,150_ZoopStartMeter,150_ZoopEndMeter,50_ZoopStartMeter,50_ZoopEndMeter,FlowMeterSpeed,FieldComments
2,5/5/1999,STTD,,,,,,
3,5/3/1999,STTD,,,,,,
4,6/1/1999,STTD,,,,,,
5,2/17/1999,STTD,,,,,Regular,
6,2/24/1999,STTD,,,,,,
7,3/16/1999,STTD,123907,139578,,,Regular,STTDZ 004
8,3/18/1999,STTD,149775,158653,,,Regular,STTDZ 005
9,3/24/1999,STTD,160616,163274,,,Regular,STTDZ 006 The meter reading seems low off from comparison NI
10,3/25/1999,STTD,170376,179379,,,Regular,STTDZ 007
11,4/6/1999,STTD,366570,382257,,,Regular,STTDZ 010
12,4/8/1999,STTD,387745,400564,,,Regular,STTDZ 011
13,4/19/1999,STTD,,,,,,
14,4/22/1999,STTD,,,,,,
15,4/23/1999,STTD,,,,,,
16,4/29/1999,STTD,,,,,,
17,4/30/1999,STTD,,,,,,
18,5/7/1999,STTD,,,,,,
19,5/10/1999,STTD,,,,,,
20,5/12/1999,STTD,,,,,,
21,5/17/1999,STTD,,,,,,
22,5/21/1999,STTD,,,,,,
23,5/28/1999,STTD,,,,,,
24,6/7/1999,STTD,,,,,,
25,2/25/1999,STTD,,,,,,
26,3/2/1999,STTD,,,,,,
27,3/4/1999,STTD,65995,86336,,,Regular,STTDZ 001
28,3/9/1999,STTD,170556,190003,,,Regular,STTDZ 002 - Net may have been twisted
29,3/11/1999,STTD,105062,122258,,,Regular,STTDZ 003
30,3/31/1999,STTD,173473,184600,,,Regular,STTDZ 008 The meter reading seems low off from comparison NI
31,4/1/1999,STTD,336720,361994,,,Regular,STTDZ 009
32,4/14/1999,STTD,405980,427611,,,Regular,STTDZ 012
33,4/16/1999,STTD,,,,,,
34,2/16/1999,STTD,,,,,,
35,4/14/1999,SHR,400580,405961,,,Regular,SHRZ 012
36,2/17/1999,SHR,,,,,,
37,3/16/1999,SHR,122279,128907,,,Regular,SHRZ 004
38,3/18/1999,SHR,139582,149771,,,Regular,SHRZ 0005
39,3/24/1999,SHR,158650,160618,,,Regular,SHRZ 006 The meter reading seems low off from comparison NI
40,2/24/1999,SHR,,,,,,
41,2/25/1999,SHR,,,,,,
42,3/2/1999,SHR,,,,,,
43,3/4/1999,SHR,53377,65990,,,Regular,SHRZ 001
44,3/9/1999,SHR,160056,170551,,,Regular,SHRZ 002
45,3/11/1999,SHR,101596,105060,,,Regular,SHRZ 003 The meter reading seems low off from comparison NI
46,3/25/1999,SHR,163306,170374,,,Regular,SHRZ 007
47,3/31/1999,SHR,170412,173404,,,Regular,SHRZ 008 The meter reading seems low off from comparison NI
48,4/1/1999,SHR,330931,336729,,,Regular,SHRZ 009
49,4/6/1999,SHR,361975,366552,,,Regular,SHRZ 010
50,4/27/1999,SHR,475432,475439,,,Regular,SHRZ 013 only 7 turns… NI
51,5/12/1999,SHR,,,,,,
52,6/7/1999,SHR,,,,,,
53,2/16/1999,SHR,,,,,,
54,4/8/1999,SHR,382274,387712,,,Regular,SHRZ 011
56,2/10/2000,SHR,478222,484217,,,Regular,
57,2/10/2000,STTD,484213,513976,,,Regular,
58,2/25/2000,STTD,596026,622002,,,Regular,
59,2/16/2000,STTD,57950,59530,,,Regular,
60,3/8/2000,STTD,657153,689845,,,Regular,
61,3/15/2000,STTD,825502,845914,,,Regular,YZ00-006
62,3/21/2000,STTD,907936,933226,,,Regular,
63,2/15/2000,SHR,513889,543285,,,Regular,
64,2/29/2000,SHR,622014,634965,,,Regular,
65,2/29/2000,STTD,634979,648686,,,Regular,
66,3/8/2000,SHR,648701,657148,,,Regular,
67,3/16/2000,SHR,890606,898967,,,Regular,
68,3/20/2000,SHR,898950,907928,,,Regular,
69,6/5/2000,STTD,,,,,,
70,5/5/2000,STTD,,,,,,
71,1/30/2001,STTD,278387,287918,,,Regular,Flowmeter #:B16452
72,2/16/2001,STTD,292164,302674,,,Regular,Large amounts of woody debris due to small opening above surface
73,2/28/2001,STTD,302775,306527,,,Regular,Large quantities of material clogging net causing flow to stop passing through net.Shorter time.
74,6/11/2001,SHR,,,,,Regular,Flow too slow for meter ~ 0.8 m/sec
77,3/15/2001,STTD,309482,323891,,,Regular,
79,1/30/2001,SHR,287932,290525,,,Regular,
80,2/16/2001,SHR,290661,292007,,,Regular,
81,2/28/2001,SHR,306556,309462,,,Regular,
82,3/15/2001,SHR,324013,325007,,,Regular,
83,3/19/2001,STTD,324997,325007,,,Regular,
84,3/19/2001,SHR,325044,325436,,,Regular,
85,4/6/2001,SHR,328528,,,,Regular,Flowmeter not spinning - Flow rate ~0.15m/sec
86,4/24/2001,STTD,332979,338994,,,Regular,
87,4/24/2001,SHR,685667,686311,,,Regular,
88,5/10/2001,STTD,339043,345827,,,Regular,
89,5/10/2001,SHR,,,,,Regular,Flow low ~.10m/sec No flowmeter value
90,6/11/2001,STTD,345899,348361,,,Regular,
91,4/4/2001,STTD,325445,328505,,,Regular,
93,2/3/1998,SHR,,,,,,
94,2/4/1998,SHR,294066,341697,,,,
95,2/11/1998,SHR,723906,780310,,,,
96,2/17/1998,SHR,895133,952047,,,,
97,2/24/1998,SHR,240948,301198,,,,
98,3/4/1998,SHR,801921,857495,,,,
99,3/10/1998,SHR,294538,348288,,,,
100,3/18/1998,SHR,872932,921913,,,,
101,3/25/1998,SHR,352222,358607,,,,
102,4/1/1998,SHR,583096,633659,,,,
103,4/8/1998,SHR,0,51258,,,,
104,5/14/1998,SHR,103585,134544,,,,
105,2/3/1998,STTD,,,,,,
106,2/4/1998,STTD,327408,369774,,,,
107,2/11/1998,STTD,780309,824402,,,,
108,2/17/1998,STTD,8981,46793,,,,
109,2/24/1998,STTD,301201,339072,,,,
110,3/4/1998,STTD,857534,857542,,,,
111,3/11/1998,STTD,348291,348331,,,,
112,3/19/1998,STTD,921922,947862,,,,
113,3/25/1998,STTD,358630,358644,,,,
114,4/1/1998,STTD,508085,534130,,,,
115,4/8/1998,STTD,9,15345,,,Regular,
116,5/13/1998,STTD,,,,,,
117,3/6/2002,SHR,482833,486985,,,Regular,
118,3/6/2002,STTD,487000,490637,,,Regular,
119,3/21/2002,SHR,490641,495531,,,Regular,flow meter from the 10 min zoop net
120,3/21/2002,STTD,495582,500096,,,,
122,4/3/2002,SHR,500102,501634,,,Regular,flow meter from the 10 min zoop
123,4/5/2002,SHR,506328,506328,,,,
128,5/8/2002,STTD,,,,,,no sample
129,5/8/2002,SHR,,,,,,no sample
132,5/24/2002,STTD,,,,,,
133,5/24/2002,SHR,,,,,,
134,5/30/2002,STTD,530116,531655,,,Regular,
135,5/30/2002,SHR,530137,531194,,,Low,
136,6/5/2002,STTD,,,,,,
137,6/5/2002,SHR,,,,,,
142,1/8/2002,STTD,370495,396421,,,Low,
143,1/8/2002,SHR,367442,370481,,,Regular,short set due to fine particulate clogging net
144,1/16/2002,SHR,396434,400108,,,Regular,
145,1/16/2002,STTD,402421,435976,,,Regular,
146,1/24/2002,SHR,436022,436724,,,Regular,
147,1/24/2002,STTD,436754,442411,,,Regular,
148,1/29/2002,SHR,442426,443511,,,Regular,
149,1/29/2002,STTD,443537,451552,,,Regular,
150,2/8/2002,SHR,451665,456114,,,Regular,sampled upstream of dock
151,2/8/2002,STTD,456394,462580,,,Regular,
152,2/22/2002,SHR,462714,464147,,,Regular,
153,2/22/2002,STTD,464147,468083,,,Regular,boat tow
154,3/5/2002,SHR,468183,472772,,,Regular,
155,3/5/2002,STTD,472772,482785,,,Regular,
157,3/21/2002,STTD,495582,500098,,,Regular,
159,4/3/2002,STTD,503956,506256,,,Regular,
160,4/18/2002,SHR,510145,511481,,,Regular,flow meter from the 10 min zoop net
161,4/18/2002,STTD,511822,512988,,,Regular,5 min set was used to get flow meter reading (end meter 512405)
162,5/2/2002,SHR,512442,513049,,,Regular,flow meter based off 10 min zoop
163,5/2/2002,STTD,513110,513508,,,Regular,flow meter from 10 min zoop
164,5/16/2002,SHR,515878,517189,,,Low,low flow propeller: used different rotor constant; flow meter from 10 min set
165,5/16/2002,STTD,515520,522032,,,Regular,regular propeller; flow meter set at 11 minutes
168,6/11/2002,SHR,541432,543966,,,Regular,
169,6/11/2002,STTD,543971,551827,,,Regular,
170,6/19/2002,SHR,551849,555330,,,Regular,
171,6/19/2002,STTD,555338,562240,,,Regular,
172,1/3/2003,SHR,572506,652188,,,Regular,
173,1/3/2003,STTD,572524,585424,,,Regular,High Flow
174,1/7/2003,SHR,585609,589957,,,Regular,
175,1/7/2003,STTD,589971,619771,,,Regular,
176,1/10/2003,SHR,619767,628745,,,,No start or stop time on data sheet.
177,1/10/2003,STTD,503690,526334,,,Regular,
178,1/14/2003,SHR,653133,664120,,,Regular,sample code: SHR
179,1/17/2003,SHR,685490,695724,,,Regular,
180,1/17/2003,STTD,695737,718020,,,Regular,dirty samples
181,1/31/2003,SHR,718165,721782,,,Regular,
182,1/31/2003,STTD,624114,648018,,,Regular,
183,2/11/2003,SHR,742262,750461,,,Regular,
184,3/5/2003,SHR,750518,757069,,,Regular,no start/stop time on datasheet
185,3/5/2003,STTD,757139,765317,,,Regular,
186,3/18/2003,SHR,765366,767599,,,Regular,
187,3/18/2003,STTD,767680,776354,,,Regular,
188,4/1/2003,SHR,781284,781630,,,Regular,
189,4/1/2003,STTD,781626,793506,,,Regular,
190,4/14/2003,SHR,793522,793569,,,Regular,flowmeter not spinning freely
191,4/14/2003,STTD,793590,800891,,,Regular,
192,5/5/2003,SHR,800947,800998,,,Regular,
193,5/5/2003,STTD,800989,814656,,,Regular,
194,5/14/2003,SHR,814658,816322,,,Regular,
195,5/14/2003,STTD,816319,826732,,,Regular,
196,5/28/2003,SHR,826750,828327,,,Regular,
197,5/28/2003,STTD,828332,838205,,,Regular,end meter not written down right after sample pulled
198,6/11/2003,SHR,838208,839736,,,Regular,
199,6/11/2003,STTD,839731,839748,,,Regular,
200,6/25/2003,SHR,839755,839797,,,Regular,
201,6/25/2003,STTD,839807,845908,,,Regular,
202,1/13/2003,SHR,619767,628745,,,Regular,done 1/10/03
204,1/14/2003,STTD,664102,685464,,,Regular,
222,3/26/2008,SHR,37019,37068,,,Regular,
224,1/15/2009,STTD,698393,698962,,,Low,Low Speed
225,2/13/2008,STTD,33372,34662,,,Regular,
227,2/29/2008,SDI,35110,35256,,,Regular,
228,1/30/2008,SHR,28713,28806,,,Regular,
229,2/29/2008,STTD,35264,36607,,,Regular,
230,1/16/2008,SHR,28468,28512,,,Low,Low Speed - Flow Meter
233,3/12/2008,SHR,90332,90395,,,Regular,Used larval flowmeter values
234,1/30/2008,STTD,28819,33250,,,Regular,
238,2/13/2008,SHR,33273,33362,,,Regular,
239,1/16/2008,STTD,28550,28613,,,Low,
241,3/12/2008,STTD,36711,37000,,,Regular,
243,1/15/2009,SHR,698251,698302,,,Low,
244,1/29/2009,STTD,697490,698241,,,Low,
245,1/29/2009,SHR,697421,697486,,,Low,
246,2/11/2009,STTD,697241,697371,,,Low,
247,2/11/2009,SHR,697387,697426,,,Low,Very low flow
248,2/27/2009,STTD,697546,697857,,,Regular,
249,2/27/2009,SHR,697250,697307,,,Regular,Sample compromised
250,3/12/2009,STTD,697758,698385,,,Regular,
251,3/12/2009,SHR,697782,697849,,,Regular,
252,3/25/2009,STTD,996270,999994,,,Low,
253,3/25/2009,SHR,0,59,,,Low,Recalculated the flowmeter 4/9 - JF
254,4/8/2009,STTD,991700,995598,,,Low,
255,4/8/2009,SHR,995643,996245,,,Low,
256,4/23/2009,STTD,990147,991531,,,Low,
257,4/23/2009,SHR,991547,991698,,,Low,
258,5/7/2009,SHR,988953,990153,,,Low,
259,3/26/2008,STTD,37079,37113,,,Regular,
261,5/7/2009,STTD,987590,988952,,,Low,
262,5/21/2009,SHR,986678,987556,,,Low,
263,5/21/2009,STTD,985596,986680,,,Low,
264,6/3/2009,SHR,985414,985603,,,Low,
265,6/3/2009,STTD,984927,985345,,,Low,
266,6/18/2009,SHR,982146,982331,,,Low,
267,6/18/2009,STTD,982330,984920,,,Low,
268,4/9/2008,SHR,37160,37193,,,Regular,
270,4/9/2008,STTD,37219,37298,,,Regular,
271,4/23/2008,SHR,699806,699817,,,Regular,
272,4/23/2008,STTD,699810,699814,,,Regular,
273,5/7/2008,SHR,699719,699741,,,Regular,
274,5/7/2008,STTD,699732,700050,,,Regular,
275,5/21/2008,SHR,699926,699973,,,Low,
276,5/21/2008,STTD,699665,699921,,,Low,
277,6/4/2008,SHR,699646,699656,,,Regular,
278,6/4/2008,STTD,669261,669640,,,Regular,
279,6/16/2008,SHR,699187,699212,,,Low,
280,6/16/2008,STTD,698989,699183,,,Low,
281,1/6/2010,SHR,982185,982238,,,Low,
282,1/6/2010,STTD,978490,982116,,,Low,
283,1/13/2010,SHR,977991,978450,,,Low,
284,1/13/2010,STTD,977977,977979,,,Low,Flow prop may not have been spinning - Tide went slack
285,1/21/2010,STTD,978432,980199,,,Regular,
286,1/21/2010,SHR,977984,978425,,,Regular,
287,1/26/2010,SHR,986566,989928,,,Regular,
288,1/26/2010,STTD,0,13594,,,Regular,Recalculated the flowmeter value - JF 4/9/13
289,2/3/2010,STTD,4439,19275,,,Regular,
290,2/3/2010,SHR,3517,4408,,,Regular,
292,2/10/2010,SHR,31622,34005,,,Regular,
293,2/10/2010,STTD,19295,31542,,,Regular,
294,2/17/2010,SHR,44630,46991,,,Regular,
295,2/17/2010,STTD,34024,44536,,,Regular,
296,2/24/2010,SHR,47000,47657,,,Regular,
298,3/3/2010,SHR,47702,49005,,,Regular,
299,3/3/2010,STTD,49085,56203,,,Regular,
300,3/17/2010,STTD,61052,68173,,,Regular,
301,3/17/2010,SHR,59031,61033,,,Regular,
302,3/30/2010,STTD,67227,70847,,,Regular,
303,3/30/2010,SHR,67288,68202,,,Regular,
304,4/12/2010,STTD,71613,74007,,,Regular,
305,4/12/2010,SHR,70875,71579,,,Regular,
306,4/28/2010,STTD,67969,71305,,,Low,
307,4/28/2010,SHR,71301,72870,,,Low,
308,5/13/2010,SHR,67015,67869,,,Low,
309,5/13/2010,STTD,65315,66973,,,Low,
310,5/27/2010,SHR,60976,61945,,,Low,
311,5/27/2010,STTD,62081,65231,,,Low,
312,6/8/2010,STTD,58065,60970,,,Low,
313,6/8/2010,SHR,56618,58024,,,Low,
317,2/26/2007,SHR,24486,24721,,,Regular,
319,2/28/2007,STTD,24746,26070,,,Regular,
320,3/12/2007,SHR,26067,26914,,,Regular,
321,3/12/2007,STTD,26188,26914,,,Regular,
322,3/28/2007,SHR,26250,26354,,,Regular,
324,3/28/2007,STTD,26381,26603,,,Regular,
325,4/11/2007,SHR,26649,26717,,,Regular,Flowmeter not running
326,4/11/2007,STTD,26736,26823,,,Regular,
327,4/23/2007,SHR,26846,26903,,,Regular,
328,4/23/2007,STTD,26916,27037,,,Regular,
329,5/9/2007,STTD,27055,27105,,,Regular,
330,5/21/2007,SHR,27485,27546,,,Regular,
331,5/21/2007,STTD,27211,27395,,,Regular,
332,6/6/2007,SHR,27580,27605,,,Regular,
333,6/6/2007,STTD,27639,27711,,,Regular,
334,6/20/2007,SHR,28275,28437,,,Regular,
335,6/20/2007,STTD,27723,28256,,,Regular,
337,6/30/2006,STTD,24038,24302,,,Regular,
338,5/9/2007,SHR,27157,27179,,,Regular,
339,6/30/2006,SHR,23901,24025,,,Regular,"Very low flow in the river, flow meter not spinning"
340,6/13/2006,STTD,23186,23850,,,Regular,Nick fixed flowmeter - normal readings
341,6/13/2006,SHR,23180,23208,,,Regular,Flow meter went backwards - Low flow in river
344,5/25/2006,STTD,23148,23231,,,Regular,
345,5/25/2006,SHR,22754,23229,,,Regular,
346,5/16/2006,SHR,22382,22716,,,Regular,Flow meter not alligned with current
347,5/16/2006,STTD,21469,22372,,,Regular,
351,4/27/2006,SHR,,,,,,Dock construction-no dock access
352,4/19/2006,STTD,17551,21390,,,Regular,
353,4/19/2006,SHR,16711,17425,,,Regular,very silty
354,4/13/2006,STTD,1118,,,,Regular,"Net ripped, no sample"
355,4/13/2006,SHR,214,1111,,,Regular,"Misrepresentative meter reading, still not aligning with current"
358,3/29/2006,STTD,62611,70235,,,Regular,Flowmeter not aligning w/ current
359,3/29/2006,SHR,69731,70218,,,Regular,Flowmeter not aligning w/ current
360,3/23/2006,STTD,63835,68961,,,Regular,Innacurate read
361,3/23/2006,SHR,69013,69672,,,Regular,"Small hole in net (1"" sq.) Flow meter not aligned inaccurate readings"
362,3/15/2006,STTD,56550,63716,,,Regular,
363,3/15/2006,SHR,55729,56552,,,Regular,
364,3/8/2006,STTD,51437,55314,,,Regular,
365,3/8/2006,SHR,48588,49323,,,Regular,
366,2/28/2006,SHR,47180,47264,,,Regular,
367,2/28/2006,STTD,47339,48403,,,Regular,
369,2/17/2006,SHR,46789,,,,Regular,Cod-end blown off and lost. No sample
370,2/17/2006,STTD,45132,46712,,,Regular,
371,2/2/2006,STTD,40881,44782,,,Regular,
372,2/2/2006,SHR,226196,235374,,,Regular,Egg and Larval flowmeter value used
373,1/26/2006,SHR,35028,35156,,,Regular,
374,1/26/2006,STTD,35263,39621,,,Regular,
375,1/19/2006,SHR,24092,24958,,,Regular,
376,1/19/2006,STTD,25041,34804,,,Regular,
377,1/10/2006,STTD,12730,24047,,,Regular,
378,1/10/2006,SHR,11584,12607,,,Regular,
379,1/6/2006,STTD,6963,11575,,,Regular,
380,2/25/2005,STTD,100613,101826,,,Regular,
381,2/24/2005,CCS,99572,100601,,,Regular,
382,2/24/2005,SHR,99406,99500,,,Regular,
383,2/17/2005,CCS,99402,99412,,,Regular,
384,2/9/2005,STTD,99427,99474,,,Regular,Very low flow
385,2/8/2005,SHR,99387,99419,,,Regular,May have sampled too deep
386,2/2/2005,STTD,98711,99406,,,Regular,
387,2/1/2005,SHR,450011,453588,,,Regular,bad flow reading use drift
388,2/1/2005,CCS,98055,98705,,,Regular,
389,1/26/2005,STTD,97885,97998,,,Regular,
390,1/25/2005,CCS,97667,97883,,,Regular,
391,1/25/2005,SHR,97609,97649,,,Regular,
392,1/19/2005,CCS,96175,97568,,,Regular,
393,1/18/2005,STTD,92557,96048,,,Regular,
394,1/18/2005,SHR,349490,350043,,,Regular,
398,1/12/2005,STTD,89936,92537,,,Regular,
399,1/11/2005,CCS,87578,89893,,,Regular,
400,1/11/2005,SHR,87248,87434,,,Regular,
401,1/6/2005,CCS,84970,87189,,,Regular,
402,1/5/2005,SHR,83204,83402,,,Regular,No water in flow meter
403,1/5/2005,STTD,158219,174486,,,Regular,Use drift flow meter readings
407,3/3/2005,CCS,101881,102225,,,Regular,
408,3/3/2005,SHR,102246,102311,,,Regular,
409,3/4/2005,STTD,102338,105743,,,Regular,
410,3/8/2005,SHR,105742,106029,,,Regular,
411,3/8/2005,CCS,106027,106078,,,Regular,
412,3/9/2005,STTD,106087,106124,,,Regular,
413,3/22/2005,CCS,106429,106498,,,Regular,
414,3/22/2005,SHR,485229,488294,,,Low,
415,3/23/2005,STTD,992268,992315,,,Regular,Flowmeter leaking water
416,3/29/2005,STTD,992307,993995,,,Regular,
417,3/29/2005,SHR,994677,995082,,,Regular,
418,3/29/2005,CCS,994071,994645,,,Regular,
419,4/4/2005,STTD,995086,999314,,,Regular,
420,4/4/2005,SHR,540000,541995,,,Regular,Drift flowmeter used
421,4/5/2005,CCS,999317,999368,,,Regular,
422,4/11/2005,SHR,269,389,,,Regular,Flow meter not spinning
423,4/11/2005,STTD,998449,999359,,,Regular,
424,4/13/2005,CCS,388,659,,,Regular,
425,4/21/2005,CCS,640,664,,,Regular,
426,4/22/2005,SHR,1054,1077,,,Regular,
427,4/22/2005,STTD,672,1053,,,Regular,
428,4/26/2005,SHR,1071,1106,,,Regular,
429,4/26/2005,CCS,1096,1153,,,Regular,
430,4/27/2005,STTD,1156,1826,,,Regular,
431,5/9/2005,STTD,161072,173150,,,Regular,
432,5/10/2005,SHR,2220,2288,,,Low,
433,5/10/2005,CCS,2208,2222,,,Low,
434,5/27/2005,SHR,3107,3398,,,Regular,
435,5/27/2005,STTD,3316,6352,,,Regular,
436,5/27/2005,CCS,6352,6446,,,Regular,
437,6/2/2005,CCS,6107,6447,,,Low,Low flow prop
438,6/3/2005,SHR,6104,6245,,,Regular,
439,6/3/2005,STTD,6227,6418,,,Regular,
440,6/22/2005,STTD,64410,66745,,,Regular,
441,6/22/2005,SHR,6748,7141,,,Regular,Prop not spinning as usual
442,6/22/2005,CCS,7123,7141,,,Low,
445,1/12/2011,SHR,207680,209914,,,Regular,Flowmeter value used from Egg and larval net.
446,1/12/2011,STTD,62581,71885,,,Regular,
447,1/26/2011,STTD,82363,84013,,,Regular,
448,1/26/2011,SHR,71909,73794,,,Regular,
449,2/9/2011,SHR,83529,84306,,,Low,
450,2/9/2011,STTD,83445,89786,,,Regular,
451,2/23/2011,SHR,89801,90010,,,Regular,
452,2/23/2011,STTD,90011,98234,,,Regular,
453,3/9/2011,STTD,101090,107984,,,Regular,
454,3/9/2011,SHR,98235,101065,,,Regular,
455,3/29/2011,STTD,113449,118668,,,Regular,
456,3/29/2011,SHR,108239,113343,,,Regular,
457,4/6/2011,SHR,118777,125811,,,Regular,
458,4/6/2011,STTD,125960,133792,,,Regular,
459,4/13/2011,SHR,133784,139440,,,Regular,
460,4/13/2011,STTD,147781,150272,,,Regular,
461,4/22/2011,SHR,7104,13301,,,Regular,
462,4/22/2011,STTD,153643,162830,,,Regular,
463,5/4/2011,STTD,167751,172510,,,Regular,
464,5/4/2011,SHR,162925,167720,,,Regular,
465,5/19/2011,SHR,172257,176762,,,Regular,
466,5/19/2011,STTD,176777,182846,,,Regular,
467,6/1/2011,SHR,183109,184994,,,Regular,
468,6/1/2011,STTD,185012,194299,,,Regular,
469,6/15/2011,SHR,194437,200001,,,Regular,
470,6/15/2011,STTD,200088,208015,,,Regular,
472,7/13/2011,STTD,221230,228010,,,Regular,
473,7/13/2011,SHR,220179,221209,,,Regular,
477,6/29/2011,SHR,208106,212594,,,Regular,
478,6/29/2011,STTD,212658,220013,,,Regular,
480,7/26/2011,STTD,229789,230025,,,Regular,
481,7/26/2011,SHR,228056,229755,,,Regular,
484,1/8/2004,SHR,57,1064,,,Regular,"NEW NET 19"" inside Diam. (Install TEMP Logger)"
485,1/8/2004,STTD,1640,7628,,,Regular,
486,1/23/2004,STTD,42084,58045,,,Regular,
487,1/23/2004,SHR,7740,8643,,,Regular,
488,2/13/2004,STTD,13888,14883,,,Regular,Meter not sampling correctly? Need to check meter
489,2/13/2004,SHR,13328,13867,,,Regular,*meter not spinning well Need to check meter
490,2/25/2004,STTD,31542,36881,,,Regular,
491,2/25/2004,SHR,30888,31480,,,Regular,
492,3/10/2004,SHR,71291,71827,,,Regular,Chloro's taken Sher - 13:50hrs STTD-1800hrs
493,3/12/2004,STTD,71986,74513,,,Regular,
494,3/19/2004,STTD,,,,,,
496,3/24/2004,STTD,74903,76414,,,Regular,
497,3/23/2004,SHR,74707,74811,,,Regular,
498,4/9/2004,SHR,158512,165919,,,Regular,Meter not working properly - Used Egg and Larval
499,8/10/2011,STTD,231815,233015,,,Regular,
500,8/10/2011,SHR,230030,231682,,,Regular,REGULAR
502,4/27/1999,STTD,475446,494609,,,Regular,STTDZ 013;tow
503,8/24/2011,STTD,234513,234873,,,Regular,METER MIGHT NEED TO BE CHANGED
504,8/24/2011,SHR,233036,234451,,,Regular,
505,9/20/2011,STTD,178000,181856,,,Regular,Regular flow meter speed
506,9/20/2011,SHR,168000,172225,,,Regular,Regular flow meter speed
554,9/7/2011,STTD,160000,163498,,,Regular,regular flow meter (unless it's noted)
555,9/7/2011,SHR,150000,154160,,,Regular,regular flow meter (unless it's noted)
556,10/6/2011,STTD,1011,1058,,,Regular,"Near Slack Tide, Low Flow (2)"
557,10/6/2011,SHR,0,1011,,,Regular,"E&L Net 187000 - 191851 (Zoop net near to both, so down flow than E&L)"
558,10/19/2011,STTD,997456,999985,,,Low,Low flow meter speed
559,10/19/2011,SHR,0,1172,,,Low,Low flow meter speed
560,11/2/2011,SHR,210000,212717,,,Regular,Regular Flow Meter
561,11/2/2011,STTD,414,4903,,,Regular,Regular Flow Meter Flow Meter Test for CAL 414/4903=4489 22000/224678=4678
562,11/15/2011,SHR,4703,5200,,,Low,Low Speed Flow Meter Count Backwards Test E&L 000000-999008=992 vs 005200-004703=497
563,11/15/2011,STTD,1992,4600,,,Low,Low Speed Flow Meter Count Backwards
564,11/30/2011,SHR,1417,2001,,,Low,Low Speed Flow Meter
565,11/30/2011,STTD,0,4250,,,Low,Low Speed Flow Meter USED MOTOR / FLOODTIDE / DROVE UPSTREAM
566,12/14/2011,SHR,996203,997000,,,Low,Low Speed Flow Meter
567,12/14/2011,STTD,992634,996160,,,Low,Low Speed Flow Meter
568,12/29/2011,STTD,987057,992100,,,Low,Low Speed Flow Meter Motor Used
569,12/29/2011,SHR,992290,992602,,,Low,Low Speed Flow Meter Note: Condition 2 -> Extra Boat Tied Up at SHR Dock
570,1/11/2012,SHR,986834,987000,,,Low,Low Speed Flow Meter
571,1/11/2012,STTD,982727,986772,,,Low,Low Speed Flow Meter (StartMeter - EndMeter)
572,1/24/2012,STTD,979413,982000,,,Low,
573,1/24/2012,SHR,982363,982800,,,Low,
574,2/8/2012,SHR,979458,980000,,,Low,
575,2/8/2012,STTD,979500,979999,,,Regular,
577,2/23/2012,SHR,975567,975800,,,Low,
578,2/23/2012,STTD,975801,979700,,,Low,
579,3/7/2012,SHR,975296,975600,,,Low,
580,3/7/2012,STTD,975300,975499,,,Regular,
581,3/22/2012,SHR,953317,955640,,,Low,the meter was having a hard time spinning. Used the same meter values from dirft and larval samples.
582,3/22/2012,STTD,969978,973700,,,Low,
583,5/2/2012,STTD,957827,959000,,,Low,
584,5/2/2012,SHR,958898,960000,,,Low,
585,4/4/2012,STTD,967420,969900,,,Low,
586,4/4/2012,SHR,965094,967200,,,Low,
587,4/16/2012,STTD,960594,963000,,,Low,
589,4/16/2012,SHR,936224,964900,,,Low,
590,5/17/2012,SHR,956618,957700,,,Low,
591,5/17/2012,STTD,953986,956500,,,Low,
592,5/31/2012,SHR,950882,951000,,,Low,
593,5/31/2012,STTD,951114,954000,,,Low,
594,6/13/2012,STTD,948993,951000,,,Low,
595,6/13/2012,SHR,909980,911000,,,Low,
596,6/25/2012,STTD,907991,908400,,,Low,used E&L flow because zoop flow meter seemed to not spin
597,6/25/2012,SHR,947663,948000,,,Low,
598,7/10/2012,STTD,946669,948900,,,Low,
599,7/10/2012,SHR,905366,907900,,,Low,used E&L meter reading because flowmeter was not spinning properly
600,7/25/2012,SHR,900029,903000,,,Low,
601,7/25/2012,STTD,788889,900000,,,Low,"flow meter broken, used E&L meter"
602,8/7/2012,STTD,995975,998000,,,Low,new zoop flowmeter. Drift meter was also used to measure flow : 899989-900000
603,8/7/2012,SHR,998391,999999,,,Low,"new flowmeter, used drift flowmeter to test: 897808-900000"
608,4/9/2004,STTD,78193,78545,,,Regular,
609,4/23/2004,STTD,210539,221430,,,Regular,"Zoops meter questionable, used Larval meter."
610,4/23/2004,SHR,81168,81220,,,Regular,Slow Flow - net at 45 degree angle not horizontal
613,5/12/2004,SHR,82134,82198,,,Regular,
615,5/21/2004,SHR,82184,82222,,,Regular,Flow possibly too low for an accurate meter reading
616,5/21/2004,STTD,82250,82420,,,Regular,
617,6/18/2004,SHR,83190,83251,,,Regular,Very low flow
618,6/18/2004,STTD,82636,83123,,,Regular,
623,2/14/2003,SHR,,,,,,
646,8/21/2012,SHR,994954,996000,,,Low,
647,8/21/2012,STTD,991824,995000,,,Low,
648,9/5/2012,SHR,990493,991000,,,Low,
649,9/5/2012,STTD,989998,990400,,,Low,
651,9/21/2012,STTD,985590,988700,,,Low,
652,9/21/2012,SHR,988754,990000,,,Low,
653,10/3/2012,SHR,984875,985580,,,Low,
654,10/3/2012,STTD,983998,984067,,,Low,
655,10/19/2012,SHR,984605,984980,,,Low,"low flow, flow meter not spinning. Large boat docking at site"
656,10/19/2012,STTD,984681,985000,,,Low,"high amounts of algae, 2 min tow. Used boat (flood tide)"
657,10/30/2012,STTD,982000,983000,,,Low,
658,10/30/2012,SHR,983284,984000,,,Low,
659,11/13/2012,STTD,980000,982000,,,Low,
660,11/13/2012,SHR,979146,980000,,,Low,
661,11/29/2012,SHR,978020,979000,,,Low,
662,11/29/2012,STTD,976380,978000,,,Low,"ebb tide, anchored boat"
663,12/12/2012,STTD,966518,973000,,,Low,
664,12/12/2012,SHR,973460,976300,,,Low,
665,1/3/2013,SHR,975570,976000,,,Regular,
666,1/3/2013,STTD,976000,987923,,,Regular,Sample lost in shipping - never analyzed
667,12/27/2012,SHR,862000,870000,,,Regular,used E&L flowmeter because this one was not spinning continuously
668,12/27/2012,STTD,870320,975390,,,Regular,
669,1/8/2013,SHR,990000,990999,,,Regular,
670,1/8/2013,STTD,990000,997195,,,Regular,
671,1/18/2013,STTD,999000,999204,,,Regular,
672,1/18/2013,SHR,997000,998680,,,Regular,
673,1/24/2013,SHR,0,226,,,Regular,
674,1/24/2013,STTD,400,409,,,Regular,
676,1/30/2013,SHR,500,1010,,,Regular,
677,1/30/2013,STTD,1000,2000,,,Regular,
678,2/8/2013,SHR,0,2157,,,Low,Meter reset - Altered value for volume calculation
679,2/8/2013,STTD,789,903,,,Low,"really low flow, near bottom of tide"
680,2/13/2013,SHR,137,700,,,Low,
681,2/13/2013,STTD,0,3245,,,Low,
682,2/22/2013,SHR,996697,997543,,,Low,
683,2/22/2013,STTD,994151,996639,,,Low,flood tide
684,2/27/2013,SHR,992996,994000,,,Low,
685,2/27/2013,STTD,991157,993000,,,Low,ebb tide
686,3/6/2013,SHR,990195,991000,,,Low,991000
687,3/6/2013,STTD,987826,990300,,,Low,flood tide; motor was used
688,4/4/2001,SHR,,,,,,Net damaged due to being caught in boat motor. Sample was retaken on 4/6/2001
689,3/13/2013,STTD,984108,986770,,,Low,
690,3/13/2013,SHR,986792,987700,,,Low,
691,3/20/2013,STTD,979711,983122,,,Low,
692,3/20/2013,SHR,983127,984015,,,Low,
694,4/3/2013,SHR,979396,980000,,,Low,
695,4/3/2013,STTD,979000,997993,,,Low,motor is used
696,4/15/2013,STTD,973853,977000,,,Low,
697,4/15/2013,SHR,977513,978000,,,Low,
698,4/29/2013,SHR,973913,974000,,,Low,
699,4/29/2013,STTD,973095,974000,,,Low,
701,5/14/2013,STTD,970567,973000,,,Low,"used motor, flood tide/beginning of ebb"
702,5/15/2013,SHR,967323,970000,,,Low,tow with motor
703,5/30/2013,SHR,964300,967000,,,Low,tow on boat
704,5/31/2013,STTD,962907,964000,,,Low,
705,6/12/2013,SHR,958127,961000,,,Low,tow with jet boat
706,6/11/2013,STTD,960988,962158,,,Low,
707,6/25/2013,STTD,958173,960000,,,Low,From STTD (Ebb Tide)
708,6/26/2013,SHR,955264,958000,,,Low,jet boat used
709,7/11/2013,STTD,953253,955000,,,Low,
710,7/12/2013,SHR,950255,953000,,,Low,tow with jet boat
711,7/25/2013,STTD,950000,950200,,,Low,
712,7/25/2013,SHR,946961,949928,,,Low,
713,8/5/2013,SHR,944770,947000,,,Low,
714,8/6/2013,STTD,941648,944750,,,Low,
715,8/23/2013,STTD,938154,940000,,,Low,
716,8/23/2013,SHR,937114,937700,,,Low,
717,9/4/2013,SHR,934279,936900,,,Low,
718,9/17/2013,STTD,930000,930600,,,Low,
719,10/2/2013,SHR,927509,930000,,,Low,
721,10/3/2013,STTD,925596,927000,,,Low,
723,9/5/2013,STTD,933094,934000,,,Low,
724,9/16/2013,SHR,930652,933000,,,Low,
725,10/15/2013,STTD,928564,930000,,,Low,
726,10/16/2013,SHR,925141,928000,,,Low,
728,10/30/2013,STTD,924030,925000,,,Low,
729,10/31/2013,SHR,920947,924000,,,Low,
760,11/12/2013,STTD,783001,784000,,,Low,meter problem- used drift data divided by 2
762,11/13/2013,SHR,916964,919800,,,Low,
763,12/3/2013,SHR,913969,916900,,,Low,
765,12/4/2013,STTD,912604,914000,,,Low,
766,12/17/2013,SHR,908922,912000,,,Low,
768,12/18/2013,STTD,907375,908900,,,Low,
769,1/2/2014,STTD,898319,900000,,,Low,
771,1/3/2014,SHR,895105,898000,,,Low,
773,1/14/2014,SHR,897136,900000,,,Low,
774,1/15/2014,STTD,895423,897000,,,Low,
776,1/28/2014,SHR,894102,896000,,,Low,
777,1/29/2014,STTD,893967,894000,,,Low,
779,2/11/2014,SHR,893491,894000,,,Low,
780,2/12/2014,STTD,893325,893500,,,Low,
783,2/24/2014,STTD,892400,893000,,,Low,
784,2/24/2014,SHR,892993,893000,,,Low,sample collected at SHR dock. Flood tide slow current - FLAG DATA - Flowmeter value to low
787,3/12/2014,SHR,891000,892000,,,Low,
788,3/12/2014,STTD,889995,891000,,,Low,
790,3/25/2014,STTD,888636,890000,,,Low,
791,3/25/2014,SHR,888491,888600,,,Low,
792,4/7/2014,SHR,885996,886000,,,Low,Flag Data - Flowmeter value to low to get accurate volume
793,4/7/2014,STTD,886535,888000,,,Low,
796,4/24/2014,SHR,883517,886000,,,Low,
797,4/25/2014,STTD,881930,883460,,,Low,
799,5/7/2014,SHR,880342,881300,,,Low,jet boat used
801,5/9/2014,STTD,878932,880300,,,Low,low tide (motor used)
803,5/21/2014,SHR,876990,879000,,,Low,
804,5/22/2014,STTD,876021,877000,,,Low,boat motor used
805,6/9/2014,STTD,874577,876000,,,Low,
806,6/10/2014,SHR,870674,873000,,,Low,jet boat used
809,6/23/2014,STTD,870003,870700,,,Low,
811,6/24/2014,SHR,866717,869454,,,Low,From Jet Boat
814,7/24/2014,SHR,855489,858400,,,Low,
815,7/23/2014,STTD,858396,860000,,,Low,see drift comments
816,7/10/2014,STTD,858474,860000,,,Low,"Ebb tide, anchor used (no motor)."
817,7/10/2014,SHR,860140,863000,,,Low,
819,8/7/2014,SHR,829632,832600,,,Low,
820,8/5/2014,STTD,852598,855000,,,Low,"flood tide, jet boat and motor used. Redo"
824,8/26/2014,SHR,806375,809000,,,Low,
825,8/22/2014,SHR,809319,812000,,,Low,"ebb tide but low current, jet boat used"
826,9/9/2014,SHR,782344,785000,,,Low,
827,9/10/2014,STTD,780404,782300,,,Low,
828,9/23/2014,SHR,765516,768000,,,Low,
829,9/24/2014,STTD,763594,765000,,,Low,
830,10/6/2014,SHR,749441,752000,,,Low,
831,10/7/2014,STTD,748550,750000,,,Low,
832,10/22/2014,SHR,729260,732000,,,Low,Motor used (Striker)
833,10/23/2014,STTD,728330,729000,,,Low,Anchored
834,11/4/2014,SHR,706696,709000,,,Low,motor
835,11/5/2014,STTD,704992,706000,,,Low,"Jon boat and anchor used, ebb tide"
836,11/18/2014,SHR,702666,705000,,,Low,"Jet boat used, ebb"
837,11/19/2014,STTD,701977,703000,,,Low,"Ebb tide, anchored"
838,12/3/2014,SHR,699391,701894,,,Low,
839,12/4/2014,STTD,697758,699350,,,Low,
840,12/17/2014,SHR,698266,700000,,,Low,FROM SHR HARBOR BOAT DOCK
841,12/18/2014,STTD,698150,699000,,,Low,
842,12/29/2014,SHR,696932,698000,,,Low,From the dock
843,12/30/2014,STTD,694317,697000,,,Low,"Anchored, very fast flow"
844,1/15/2015,SHR,699681,700000,999957,999999,Low,very low flow from SHR boat dock
845,1/16/2015,STTD,699887,700000,999955,999999,Low,bottom of ebb tide from screw trap- slow current
846,8/21/2014,STTD,824217,826000,,,Low,"Ebb tide, anchored"
847,8/27/2014,STTD,803196,805000,,,Low,"Ebb tide, anchored"
848,1/20/2015,STTD,699000,699994,999581,999999,Low,Ebb sampled from STTD
849,1/21/2015,SHR,697442,700000,998629,999999,Low,"Ebb, low flow, jet boat motor used"
850,2/3/2015,SHR,695480,698000,997201,998000,Low,
851,2/4/2015,STTD,693318,695000,996422,997000,Low,
852,2/17/2015,STTD,689425,693000,995375,996000,Low,"ebb tide, off trap"
854,2/18/2015,SHR,685422,690000,994276,995000,Low,
855,3/3/2015,SHR,682429,685000,992689,994080,Low,
856,3/4/2015,STTD,680706,682700,992360,992480,Low,
857,3/16/2015,STTD,679984,680700,992013,992353,Low,50 micron probably has a bad flowmeter (cond code 2)
858,3/17/2015,SHR,677870,680000,990038,991000,Low,"Ebb tide, low current, motor used"
859,3/24/2015,STTD,675448,678000,989715,990000,Low,
860,4/2/2015,STTD,672942,675000,989216,989555,Low,"Windy, ebb tide"
861,4/3/2015,SHR,670722,673000,988663,989150,Low,jet boat used
864,8/20/2014,LIS,826184,827120,,,Low,kayak used
872,8/21/2014,BL5,823678,824000,,,Low,ebb tide; anchored
873,8/21/2014,RYI,818400,821000,,,Low,Used motor; flood tide (strong)
874,8/21/2014,RVB,812253,815000,,,Low,motor used
875,9/11/2014,LIS,770479,771700,,,Low,
876,9/10/2014,BL5,779987,780404,,,Low,
877,9/10/2014,RYI,775497,777300,,,Low,
878,9/10/2014,RVB,771753,772508,,,Low,
879,10/8/2014,LIS,738851,740000,,,Low,sample at PCS site (fyke) instead of LIS due to hyacinth
880,10/7/2014,BL5,747942,749000,,,Low,
881,10/7/2014,RYI,743983,746000,,,Low,Jet motor used; slack tide
882,10/7/2014,RVB,739996,741000,,,Low,Jet boat used
993,8/5/2014,RVB,837422,839000,,,Low,"ebb tide, boat anchored to the channel marker"
994,8/5/2014,SRV,839065,842000,,,Low,"ebb tide, motor used"
995,8/5/2014,RYI,842119,845000,,,Low,"HIGH TIDE, JET BOAT MOTOR USED"
996,8/5/2014,LIB,845550,848000,,,Low,"flood tide, jet boat motor used"
997,8/5/2014,BL5,848455,852000,,,Low,"FLOOD TIDE, JET BOAT MOTOR USED"
999,8/6/2014,LIS,832610,833960,,,Low,
1000,8/6/2014,I80,833975,834650,,,Low,KAYAK USED
1001,8/6/2014,RD22,834679,836100,,,Low,kayak used
1004,8/21/2014,SRV,815269,818000,,,Low,MOTOR USED
1005,8/21/2014,LIB,821400,824000,,,Low,"motor used, flood tide"
1008,8/20/2014,I80,827153,827950,,,Low,kayak used
1009,8/20/2014,RD22,827959,829080,,,Low,KAYAK USED
1010,8/20/2014,RCS,829082,829600,,,Low,kayak used
1011,8/27/2014,RVB,789974,793000,,,Low,flood- jet boat used
1012,8/27/2014,SRV,793294,796000,,,Low,"low tide, motor used (jet)"
1013,8/27/2014,RYI,795981,797000,,,Low,"anchored, ebb"
1014,8/27/2014,LIB,797208,800000,,,Low,"used motor, ebb"
1015,8/27/2014,BL5,800300,800361,,,Low,"ebb tide, anchor"
1017,8/28/2014,LIS,785533,786650,,,Low,
1018,8/28/2014,I80,786676,787480,,,Low,
1019,8/28/2014,RD22,787505,788800,,,Low,
1020,8/28/2014,RCS,788830,789970,,,Low,
1021,9/10/2014,SRV,772525,775480,,,Low,
1022,8/10/2014,SRV,775480,772525,,,Low,
1023,9/10/2014,LIB,777315,779980,,,Low,
1024,9/11/2014,I80,769966,770440,,,Low,
1025,9/11/2014,RD22,768795,769938,,,Low,
1026,9/11/2014,RCS,767979,768778,,,Low,
1027,9/24/2014,RVB,755992,758000,,,Low,"flood tide, jet boat motor used"
1029,9/24/2014,SRV,758247,761000,,,Low,"flood tide, jet boat motor used"
1030,9/24/2014,RYI,760662,762000,,,Low,jet boat motor used
1031,9/24/2014,LIB,761779,763000,,,Low,jet boat motor used (not anchored)
1032,9/24/2014,BL5,763220,764000,,,Low,
1033,9/25/2014,LIS,751966,752880,,,Low,
1034,9/25/2014,I80,752894,753918,,,Low,
1035,9/25/2014,RD22,753936,755030,,,Low,
1036,9/25/2014,RCS,755063,755870,,,,
1037,10/7/2014,SRV,741464,744000,,,Low,flood tide jet motor used
1038,10/7/2014,LIB,746394,748000,,,Low,
1039,10/8/2014,I80,737982,738800,,,Low,re-do of first sample because meter didn't turn before
1040,10/8/2014,RD22,638496,640000,,,Low,kayak sample
1041,10/8/2014,RCS,738984,740000,,,Low,kayak sample
1042,10/21/2014,RCS,737345,738000,,,Low,kayak used
1043,10/21/2014,RD22,735561,737000,,,Low,kayak used
1044,10/21/2014,I80,733764,735000,,,Low,kayak used
1045,10/21/2014,LIS,732809,734000,,,Low,kayak used
1046,10/23/2014,BL5,725168,728000,,,Low,"boat motor used (stryker), ebb"
1047,10/23/2014,LIB,721385,725000,,,Low,motor used (stryker) ebb
1048,10/23/2014,RYI,717147,721000,,,Low,flood motor used (stryker)
1050,10/23/2014,SRV,713089,717000,,,Low,flood motor used (stryker)
1051,10/23/2014,RVB,709102,713000,,,Low,flood motor used (stryker)
1052,8/6/2014,RCS,836109,837200,,,Low,kayak used
1054,4/17/2015,SHR,967000,967331,987522,988000,Low,
1056,4/16/2015,STTD,669991,670588,988436,988650,Low,"150 start meter ""66991"" threw off count. Fixed 1/22/18 J. Jenkins"
1070,4/29/2015,SHR,664291,667000,989622,990000,Low,
1071,4/30/2015,STTD,662261,664000,989885,990000,Low,"Ebb tide, from the trap"
1074,5/18/2015,STTD,659978,662000,989692,99000,Low,
1076,5/19/2015,SHR,657040,660000,989217,990000,Low,
1078,6/2/2015,SHR,654522,657100,988330,989000,Low,
1079,6/3/2015,STTD,652098,654000,987487,988000,Low,
1080,6/17/2015,STTD,647019,649000,983545,984000,Low,
1081,6/16/2015,SHR,649378,652000,984212,985000,Low,
1084,6/30/2015,STTD,645252,647000,982549,983000,Low,
1085,7/1/2015,SHR,642433,645000,982324,983000,Low,
1086,8/4/2015,LIS,618580,620210,,,Low,
1087,8/4/2015,RD22,621447,622887,,,Low,
1088,8/4/2015,I80,620230,621419,,,Low,
1090,8/5/2015,SHR,616934,618600,977850,978200,Low,
1091,7/14/2015,SHR,640000,642000,981436,982000,Low,
1093,7/15/2015,STTD,638177,640000,980485,981000,Low,lots of microcycstis
1096,7/28/2015,STTD,636400,638000,979562,980000,Low,
1097,7/29/2015,SHR,633620,636000,979282,980000,Low,
1098,8/17/2015,SHR,614365,617000,977291,978000,Low,
1099,8/31/2015,SHR,583763,586000,975645,976260,Low,jet motor used
1100,9/1/2015,RVB,567672,572000,,,Low,flood tide; motor used
1101,9/1/2015,STTD,582026,584000,975652,976000,Low,
1102,9/1/2015,BL5,579277,582000,,,Low,ebb- anchored
1103,9/1/2015,LIB,575945,579000,,,Low,"ebb, but motor used"
1104,9/1/2015,RYI,575386,576000,,,Low,
1105,9/1/2015,SRV,572086,575000,,,Low,ebb- anchored
1106,9/2/2015,LIS,562341,563490,,,Low,
1107,9/2/2015,I80,563520,564500,,,Low,
1108,9/2/2015,RD22,564523,566015,,,Low,
1109,9/2/2015,RCS,566023,567600,,,Low,
1112,8/18/2015,STTD,611954,614000,976332,977000,Low,"150 end meter entered as ""914000"" datasheet shows ""614000"" changed 1/22/18 J. Jenkins"
1113,8/3/2015,STTD,632113,634000,978209,978700,Low,
1114,9/28/2015,SHR,988184,990000,966446,967000,Low,
1115,10/1/2015,BL5,982244,985000,,,Low,Ebb tide; Anchored
1116,10/1/2015,RVB,973507,975000,,,Low,
1117,10/1/2015,SRV,975441,977000,,,Low,"Ebb, anchored"
1118,10/1/2015,RYI,977335,979000,,,Low,
1119,10/1/2015,LIB,979538,982000,,,Low,Ebb tide but motor used
1120,10/1/2015,STTD,985340,988000,965407,966000,Low,High (Not ebbing yet) Used the motor (Stryker)
1121,9/14/2015,SHR,558754,562000,975180,976000,Low,
1122,9/15/2015,SRV,969400,971500,,,Low,
1123,9/15/2015,RVB,967021,969400,,,Low,
1124,9/15/2015,RYI,971400,973700,,,Low,prop motor used
1125,9/15/2015,LIB,973676,975000,,,Low,
1126,9/15/2015,BL5,552058,555500,,,Low,
1127,9/15/2015,STTD,557266,559000,974733,975000,Low,
1128,10/2/2015,RCS,972398,974000,,,Low,
1129,10/2/2015,LIS,970557,971000,,,Low,
1130,10/2/2015,I80,971379,972000,,,Low,
1131,10/2/2015,RD22,971773,973000,,,Low,
1132,10/13/2015,RVB,977939,980580,,,Low,
1133,10/13/2015,SRV,980622,983730,,,Low,
1134,10/13/2015,RYI,983755,986420,,,Low,
1135,10/13/2015,LIB,986440,989580,,,Low,
1136,10/13/2015,BL5,989577,991660,,,Low,
1137,10/13/2015,STTD,995381,997000,963761,964110,Low,
1138,10/13/2015,LIS,0,2655,,,Low,Small microcystis in Sample
1139,10/14/2015,I80,990821,992000,,,Low,
1140,10/14/2015,RD22,991906,993000,,,Low,
1141,10/14/2015,RCS,992889,994000,,,Low,
1142,10/26/2015,SHR,989200,991000,963567,964000,Low,
1143,10/27/2015,STTD,988198,990000,962663,963000,Low,anchored
1144,10/27/2015,BL5,985519,988000,,,Low,
1145,10/27/2015,LIB,982658,985000,,,Low,
1146,10/27/2015,RYI,980856,983000,,,Low,
1147,10/27/2015,SRV,976754,980000,,,Low,
1148,10/27/2015,RVB,974227,977000,,,Low,
1149,11/10/2015,STTD,969347,971000,960700,961000,Low,
1150,10/28/2015,RD22,975695,977000,,,Low,Kayak
1151,10/28/2015,I80,974646,976000,,,Low,Kayak
1152,11/23/2015,SHR,967829,970000,959487,960000,Low,
1153,11/9/2015,SHR,970877,974000,961185,962000,Low,
1155,10/28/2015,LIS,973314,975000,,,Low,
1156,10/12/2015,SHR,997107,999999,964268,965000,Low,
1157,11/24/2015,STTD,966549,968000,958970,959000,Low,
1158,10/28/2015,RCS,976946,978000,,,Low,
1163,12/9/2015,STTD,966307,966444,958910,959000,Low,
1164,12/10/2015,SHR,960000,962908,847777,958083,Low,
1167,1/12/2016,STTD,959042,961000,957936,958000,Low,
1168,1/27/2016,STTD,953876,956000,957252,957500,Low,
1169,1/28/2016,SHR,952409,954000,956771,957000,Low,
1172,1/13/2016,SHR,956434,959000,957664,958000,Low,
1173,12/23/2015,STTD,960261,962000,957897,958000,Low,
1174,12/22/2015,SHR,961509,962000,957781,958000,Low,Lots of debris so 4 minute set for 150
1175,2/23/2016,SHR,945397,947000,956897,957000,Low,
1176,2/22/2016,STTD,946284,948000,956787,957000,Low,
1179,2/8/2016,SHR,949672,952000,956664,957000,Low,
1180,2/9/2016,STTD,947934,950000,956672,957000,Low,
1181,3/30/2016,STTD,973000,976101,962000,962837,Regular,
1182,3/30/2016,SHR,972000,973504,962000,962200,Regular,
1184,3/25/2016,SHR,970000,972399,962000,962423,Regular,
1185,3/24/2016,STTD,965000,968653,960000,961744,Regular,
1187,3/7/2016,STTD,943614,945000,956875,957000,Low,
1188,3/8/2016,SHR,942071,943000,956778,957000,Low,didn't spin much due to flow
1189,3/17/2016,SHR,954830,957873,956500,957321,Regular,"backflow possibly, off dock"
1191,3/18/2016,STTD,958000,964802,957000,960274,Regular,
1193,4/8/2016,STTD,977000,981172,963000,963766,Regular,
1194,4/7/2016,SHR,976000,977210,963000,963098,Regular,
1197,4/18/2016,SHR,981000,982291,964000,964197,Regular,
1198,4/19/2016,STTD,982000,985492,964000,964278,Regular,
1203,5/5/2016,SHR,989000,989624,965000,965106,Regular,
1205,5/4/2016,STTD,986000,988909,964000,964496,Regular,
1206,5/19/2016,STTD,990000,991887,965000,965688,Regular,
1209,6/1/2016,STTD,0,148,965000,965215,Regular,
1210,5/31/2016,SHR,995000,999514,965600,966160,Regular,
1211,5/20/2016,SHR,991000,995550,965000,965616,Regular,
1215,6/14/2016,STTD,4000,5239,966000,966018,Regular,
1216,6/13/2016,SHR,0,4680,965000,966132,Regular,
1219,7/6/2016,SHR,33000,38414,967000,967850,Regular,motor used
1220,6/29/2016,SHR,5000,9835,966000,966686,Regular,
1221,6/30/2016,STTD,9000,10521,967000,967093,Regular,SFSU zoop 150 start time 10:50 start meter 010000 end meter 010069
1222,6/30/2016,BL5,10000,13375,,,Regular,SFSU Zoop 150 11:45-11:50 start meter 013000 end meter 016253
1223,6/30/2016,LIB,16000,19740,,,Regular,flood tide jet moter used
1224,6/30/2016,RYI,20000,24411,,,Regular,
1225,6/30/2016,SRV,24000,28726,,,Regular,
1226,6/30/2016,RVB,29000,32468,,,Regular,
1227,7/7/2016,STTD,38000,39214,968000,968146,Regular,ZOOP150 FOR SFSU 5MINS 39000-41055
1228,7/7/2016,BL5,41000,43275,,,Regular,SFSU ZOOP150 43400-46359
1229,7/7/2016,LIB,51000,55978,,,Regular,MOTOR
1230,7/7/2016,RYI,56000,56958,,,Regular,ANCHOR
1231,7/7/2016,SRV,57000,62896,,,Regular,
1232,7/7/2016,RVB,63000,63087,,,Regular,"FLOOD, MOTOR USED"
1239,7/8/2016,RCS,971721,973000,,,Low,
1240,7/8/2016,RD22,970531,971700,,,Low,
1241,7/8/2016,I80,969302,970500,,,Low,
1242,7/8/2016,LIS,968002,969300,,,Low,
1262,7/18/2016,SHR,63000,63817,969000,969862,Regular,
1263,7/19/2016,LIS,967251,967995,,,Regular,Live Sample zoop 150: set 5 min; start time 10:06 end 10:11; start meter 3855 end meter 4925
1264,7/19/2016,STTD,970000,971737,970000,970106,Regular,SFSU zoop 150- start 11:03 end 11:08; start meter 971000 end meter 972891
1265,7/19/2016,BL5,973000,974441,,,Regular,SFSU zoop 150-start 11:55 end 12:00; meter start 974400 end 976047
1266,7/19/2016,LIB,976000,978028,,,Regular,
1267,7/19/2016,RYI,979000,981953,,,Regular,
1268,7/19/2016,SRV,980000,985586,,,Regular,
1269,7/19/2016,RVB,985100,989343,,,Regular,
1270,7/20/2016,RCS,965815,966500,,,Low,
1271,7/20/2016,RD22,965186,965790,,,Low,kayak tow
1272,7/20/2016,I80,963869,965140,,,Low,offshore
1273,8/15/2016,SHR,12000,16598,0,1128,Regular,
1274,8/1/2016,SHR,989000,993362,0,802,Regular,
1275,8/2/2016,LIS,961317,962680,,,Low,
1276,8/2/2016,LIB,0,2180,,,Regular,dropped about 20 mL of sample on ground
1277,8/2/2016,RYI,0,2360,,,Regular,
1278,8/2/2016,SRV,2000,7517,,,Regular,
1279,8/2/2016,RVB,8000,11607,,,Regular,
1280,8/3/2016,RD22,960476,961200,,,Low,kayak tow
1281,8/3/2016,I80,959744,969500,,,Low,kayak tow
1283,8/17/2016,RD22,956772,957830,,,Low,
1284,8/17/2016,I80,955467,956700,,,Low,
1285,8/16/2016,LIB,9323,10700,,,Low,
1286,8/16/2016,RYI,7874,9300,,,Low,
1287,8/16/2016,SRV,4144,7800,,,Low,
1288,8/16/2016,RVB,2394,4200,,,Low,
1289,8/2/2016,STTD,993000,995196,0,396,Regular,
1290,8/2/2016,BL5,997000,998648,,,Regular,
1292,8/16/2016,LIS,957865,959000,,,Low,
1293,8/16/2016,STTD,15128,17000,0,386,Low,"low speed for 150, regular for the 50"
1294,8/16/2016,BL5,12277,13000,,,Low,
1295,8/30/2016,LIS,952656,954000,,,Low,
1296,8/30/2016,STTD,993068,994000,999799,0,Low,spilled a little of the 150
1297,8/30/2016,BL5,990451,992000,,,Low,
1298,8/30/2016,LIB,988608,990000,,,Low,
1299,8/30/2016,RYI,987595,989000,,,Low,
1300,8/30/2016,SRV,984451,987000,,,Low,flood tide
1301,8/30/2016,RVB,982031,984000,,,Low,
1303,8/31/2016,RD22,952518,953000,,,Low,kayak tow
1305,8/31/2016,I80,951481,952000,,,Low,kayak tow
1306,8/29/2016,SHR,0,4599,0,564,Low,EBB TIDE-MOTOR USED
1307,8/31/2016,DWT,,,,,,
1310,9/20/2016,STTD,960000,960879,998547,999000,Low,
1311,9/19/2016,SHR,961578,964000,999596,0,Low,
1313,8/19/2015,RCS,587888,589000,,,Low,
1314,8/19/2015,RD22,586571,588000,,,Low,
1315,8/19/2015,I80,585656,587000,,,Low,
1316,8/18/2015,BL5,605636,609000,,,Low,
1317,8/18/2015,LIB,598531,602000,,,Low,"JET BOAT MOTOR USED, NO ANCHOR"
1318,8/18/2015,RYI,593975,595000,,,Low,
1319,8/18/2015,SRV,591010,594000,,,Low,
1320,8/18/2015,RVB,589189,590000,,,Low,
1321,8/18/2015,LIS,996253,998100,,,Low,
1322,8/3/2015,RVB,622934,624000,,,Low,
1323,8/3/2015,SRV,624517,626000,,,Low,
1324,8/3/2015,RYI,625578,627000,,,Low,
1325,8/3/2015,LIB,626655,629000,,,Low,"NO ANCHOR, TOO DEEP. MOTOR USED."
1326,8/3/2015,BL5,629560,632000,,,Low,
1327,9/16/2015,RD22,993306,994806,,,Low,
1328,9/16/2015,I80,990413,993260,,,Low,
1329,9/16/2015,RCS,994871,996000,,,Low,
1330,9/15/2015,LIS,767941,770111,,,Low,
1331,10/4/2016,LIS,,,,,Low,
1332,10/4/2016,STTD,959962,961000,998795,999000,Low,
1333,10/5/2016,SHR,957904,960000,998458,999000,Low,off the boat
1335,9/13/2016,RYI,967664,970000,,,Low,
1336,9/13/2016,RVB,963795,966000,,,Low,
1337,9/13/2016,SRV,965979,968000,,,Low,
1338,9/13/2016,LIB,969820,972000,,,Low,
1339,9/13/2016,BL5,974314,976000,,,Low,
1340,9/13/2016,STTD,977178,978000,998797,999000,Low,SFSU 150 ZOOP; 10:16-10:19 Start: 976292/End: 977000
1341,10/19/2016,SHR,953443,956000,998288,999000,Low,MOTOR BOAT USED
1342,10/18/2016,STTD,956713,958000,998718,999000,Low,
1344,9/14/2016,RD22,950468,951000,,,Low,KAYAK TOW
1345,9/14/2016,LIS,948360,949000,,,Low,KAYAK TOW
1346,9/14/2016,I80,949256,950000,,,Low,KAYAK TOW
1348,9/12/2016,SHR,978395,982000,999239,0,Low,
1349,11/29/2016,SHR,941483,944000,993629,994000,Low,
1350,11/28/2016,STTD,943697,944000,993869,994000,Low,redid 150 since didn't spin well. High algae so shorter time set.
1353,11/18/2016,SHR,944005,947000,994022,995000,Low,flooding
1355,11/14/2016,STTD,947541,949000,995751,996000,Low,
1356,11/1/2016,SHR,949395,952000,996449,997000,Low,
1357,10/31/2016,STTD,951720,953000,997613,998000,Low,
1359,12/13/2016,STTD,940573,942000,992857,993000,Low,
1361,12/14/2016,SHR,938900,940000,992850,993000,Low,
1363,12/21/2016,SHR,0,4482,993000,993770,Regular,New flow meter for 150um net
1365,12/21/2016,STTD,4000,11408,994000,995180,Regular,
1367,12/27/2016,STTD,10000,18667,995000,996127,Regular,High flow - sampled from the screw trap
1368,12/29/2016,SHR,19000,22210,996000,996451,Regular,
1369,1/10/2017,SHR,22000,23774,,,Regular,
1371,1/11/2017,STTD,24000,24729,,,Regular,
1373,1/18/2017,STTD,40000,47822,,,Regular,
1374,1/23/2017,SHR,48000,50957,,,Regular,
1376,1/24/2017,STTD,50000,58855,,,Regular,
1377,2/2/2017,STTD,947000,952718,,,Regular,
1378,2/6/2017,STTD,952000,960048,,,Regular,
1380,2/7/2017,SHR,960000,,,,Regular,NO END METER ON DATASHEET
1381,2/16/2017,STTD,960000,967442,,,Regular,high flow
1382,2/22/2017,STTD,968000,974961,,,Regular,
1384,2/23/2017,SHR,975000,978990,,,Regular,
1385,3/8/2017,SHR,995000,998177,,,Regular,
1386,3/9/2017,STTD,0,10404,,,Regular,Didn’t set 50
1390,3/14/2017,STTD,10000,19865,,,Regular,
1392,3/22/2017,STTD,22000,25349,,,Regular,
1393,3/21/2017,SHR,19940,22818,996599,997115,Regular,
1395,4/5/2017,STTD,35000,42674,,,Regular,
1396,4/4/2017,SHR,33000,35260,997000,997632,Regular,Lots of sediment clogged up the net
1397,3/28/2017,STTD,25000,33075,,,Regular,
1398,5/5/2017,STTD,60000,68161,,,Regular,
1400,5/4/2017,SHR,131000,133556,998000,998596,Regular,
1401,4/26/2017,STTD,128000,131141,,,Regular,
1402,4/19/2017,SHR,58888,61460,997625,998277,Regular,
1404,4/18/2017,STTD,49000,58810,,,Regular,
1405,4/13/2017,STTD,42000,48597,,,Regular,
1407,6/13/2017,SHR,81870,83000,732,900,Low,Flow meter rotation numbers reversed on datasheet. Corrected in database.
1408,6/12/2017,STTD,82000,83463,0,848,Regular,
1410,5/31/2017,SHR,82000,82298,0,235,Regular,
1412,5/30/2017,STTD,79000,81410,0,312,Regular,
1414,5/16/2017,STTD,74000,75351,0,98,Regular,150 might clogged(?) early on
1415,5/17/2017,SHR,75410,79237,158,718,Regular,
1416,5/9/2017,STTD,70000,74077,0,564,Regular,
1419,6/27/2017,SHR,81461,81848,,,Low,Really low flow / too low flow for 50 zoop net
1421,7/18/2017,SHR,45368,46000,595,788,Low,Very low flow
1422,8/1/2017,SHR,27872,30000,59,400,Low,
1423,8/29/2017,SHR,986260,988500,997160,997500,Low,
1424,8/15/2017,SHR,8032,11000,997820,999000,Low,*** 2 lab results returned for this sample from separate shipments: 3/9 and 7/12 (?) ***
1428,1/17/2017,YTR4,34930,39220,,,Regular,
1429,1/17/2017,YTR3,32822,34908,,,Regular,
1430,1/17/2017,YTR2,28820,32828,,,Regular,
1431,1/17/2017,YTR1,24800,28709,,,Regular,
1432,1/25/2017,YTR3,69547,75447,,,Regular,
1433,1/25/2017,YTR2,63590,69539,,,Regular,
1434,1/25/2017,YTR1,58868,63590,,,Regular,
1435,1/25/2017,YTR4,75454,81148,,,Regular,
1437,1/31/2017,YTR4,82118,83878,,,Regular,
1438,1/31/2017,YTR3,81313,82107,,,Regular,TORN NET
1439,1/31/2017,YTR2,81148,81314,,,Regular,
1440,2/10/2017,YTR4,94098,98166,,,Regular,
1441,2/10/2017,YTR3,90633,94052,,,Regular,
1442,2/10/2017,YTR2,87072,90642,,,Regular,
1443,2/10/2017,YTR1,83883,87066,,,Regular,"REDUCED NET SET, HIGH DEBRIS"
1444,2/15/2017,YTR4,107851,110602,,,Regular,
1445,2/15/2017,YTR3,104780,107853,,,Regular,
1446,2/15/2017,YTR2,101112,104785,,,Regular,
1447,2/15/2017,YTR1,98172,101118,,,Regular,
1448,2/24/2017,YTR4,990269,994867,,,Regular,
1449,2/24/2017,YTR3,986151,990273,,,Regular,
1450,2/24/2017,YTR2,982706,986142,,,Regular,
1451,2/24/2017,YTR1,979090,982705,,,Regular,
1452,3/7/2017,YTR4,117131,120171,,,Regular,
1453,3/7/2017,YTR3,114085,117125,,,Regular,
1454,3/7/2017,YTR2,110795,114089,,,Regular,
1455,3/27/2017,YTR4,126150,128509,,,Regular,
1456,3/27/2017,YTR3,123510,126134,,,Regular,
1457,3/27/2017,YTR2,120169,123506,,,Regular,
1458,9/13/2017,RCS,969867,971100,,,Low,
1460,9/13/2017,RD22,968372,969846,,,Low,
1462,9/13/2017,I80,967293,968349,,,Low,
1463,9/13/2017,LIS,966590,967265,,,Low,
1464,9/13/2017,STTD,951497,953000,995720,996000,Low,
1465,9/13/2017,BL5,947591,950000,,,Low,
1466,9/13/2017,LIB,945125,947000,,,Low,
1467,9/13/2017,RYI,942540,945000,,,Low,
1468,9/12/2017,SHR,957633,960000,996430,997000,Low,
1469,9/13/2017,RVB,938789,942000,,,Low,
1470,9/13/2017,SDI,952747,954500,,,Low,
1471,8/31/2017,RCS,972432,973000,,,Low,
1472,8/31/2017,RD22,972216,972700,,,Low,
1473,8/31/2017,I80,971191,972000,,,Low,"Net got twisted, fixed 30 seconds into tow"
1476,8/30/2017,LIS,974318,975953,,,Low,
1477,8/30/2017,STTD,980087,981700,996660,997000,Low,
1478,8/30/2017,BL5,974150,976400,,,Low,
1479,8/30/2017,LIB,968977,971000,,,Low,
1480,8/30/2017,RYI,966739,969000,,,Low,
1481,8/30/2017,RVB,961434,964000,,,Low,
1482,8/30/2017,SDI,981696,984000,,,Low,
1483,8/17/2017,RCS,977364,978000,,,Low,
1485,8/17/2017,RD22,977160,977500,,,Low,
1487,8/17/2017,I80,975988,977000,,,Low,
1488,8/16/2017,LIS,979305,981000,,,Low,
1489,8/16/2017,STTD,3517,5300,997539,998000,Low,Flood tide -> Boat tow
1490,8/16/2017,BL5,240,2500,,,Low,
1491,8/16/2017,LIB,995410,997500,,,Low,
1492,8/16/2017,RYI,992959,995000,,,Low,
1493,8/16/2017,RVB,988698,990500,,,Low,
1494,8/16/2017,SDI,5306,8000,,,Low,
1495,8/3/2017,RCS,983261,984250,,,Low,
1496,8/3/2017,RD22,982222,983250,,,Low,
1497,8/3/2017,I80,981225,982216,,,Low,
1498,8/2/2017,LIS,985736,988015,,,Low,
1499,8/2/2017,STTD,24287,25000,999288,999500,Low,
1500,8/2/2017,BL5,21678,24000,,,Low,
1501,8/2/2017,LIB,17855,20000,,,Low,
1502,8/2/2017,RYI,15596,17800,,,Low,
1503,8/2/2017,RVB,10658,13500,,,Low,
1504,8/2/2017,SDI,25190,27800,,,Low,
1505,7/20/2017,RCS,990890,991680,,,Low,
1507,7/20/2017,RD22,989715,990880,,,Low,
1509,7/20/2017,I80,988038,989690,,,Low,
1510,7/19/2017,LIS,992962,995000,,,Low,
1511,7/19/2017,STTD,43919,45000,429,600,Low,
1512,7/19/2017,BL5,41373,43000,,,Low,
1513,7/19/2017,LIB,38129,40000,,,Low,
1514,7/19/2017,RYI,36813,38000,,,Low,
1515,7/19/2017,RVB,31895,35000,,,Low,
1516,7/19/2017,SDI,29798,31900,,,Low,
1517,9/20/2017,STTD,933082,934500,995020,995354,Low,150 LIVE: start: 931542 end:933000
1518,9/19/2017,SHR,936617,939000,995506,996000,Low,Live zoop: 10:28-10:33 meter: 934580 - 937000
1520,10/3/2017,SHR,928534,930600,994566,995000,Low,"Live Sample: Start time 10:50; end time 10:55----Start: 924489, End: 927111"
1522,10/4/2017,STTD,923710,925000,994427,994500,Low,Live Zoop: 150 10:40-10:45 start: 922740 end: 924000
1523,10/17/2017,SHR,920242,922800,993537,994000,Low,Live Zoo: Start: 10:43 End 10:48 Start meter:917629 End meter: 920250
1526,10/19/2017,STTD,915020,916217,993275,993500,Low,"Live zoop 10:35 - 10:40, meter: 916249 - 917617"
1528,11/1/2017,SHR,901566,904000,992529,993000,Low,"LIVE: 10:20-10:25, 898434-901000"
1530,11/2/2017,STTD,896916,898000,991687,992000,Low,"Live zoop 150: 5 min (09:45 - 09:50), meter: 897899 - 899000"
1531,11/14/2017,SHR,895180,897000,989688,990000,Low,
1533,11/15/2017,STTD,894348,895000,989805,990000,Low,
1537,11/28/2017,SHR,891756,894000,989534,990000,Low,
1539,11/29/2017,STTD,891201,892000,988892,989000,Low,
1541,12/13/2017,STTD,888177,890000,988668,989000,Low,
1542,12/14/2017,SHR,886403,888500,987780,988000,Low,
1543,12/19/2017,SHR,860000,884386,987473,987750,Low,
1545,12/20/2017,STTD,883571,885000,987677,988000,Low,"ebb tide, anchored"
1546,1/4/2018,SHR,879898,882000,986743,987000,Low,
1547,1/2/2018,STTD,882511,883000,987562,987700,Low,
1549,1/18/2018,SHR,878284,880000,986439,986770,Low,
1551,1/17/2018,STTD,879205,880000,986761,987000,Low,
1552,2/28/2018,STTD,869266,869900,983898,984000,Low,"flow reducing- tide change, low flow"
1554,2/27/2018,SHR,869966,871400,983830,984155,Low,
1556,1/30/2018,STTD,876947,877200,986799,987000,,"FIRST ZOOP150 SPILLED, REDONE"
1557,1/31/2018,SHR,874572,877000,985585,986000,Low,
1558,2/13/2018,STTD,873781,874600,984782,985000,Low,
1560,2/14/2018,SHR,871481,873735,984190,984700,Low,
1561,3/14/2018,STTD,867168,868000,983727,984000,Low,
1563,3/13/2018,SHR,867979,870000,983530,984000,Low,
1564,3/28/2018,STTD,865477,867000,983747,984000,Low,
1565,3/29/2018,SHR,863828,865000,983849,984000,Low,
1567,6/28/2017,STTD,78599,80000,928,1000,Low,
1568,7/7/2017,LIS,994967,996339,,,,
1569,7/6/2017,STTD,54446,55000,827,900,Low,
1570,6/28/2017,LIS,3000,5614,,,Low,
1571,4/11/2018,SHR,865000,867280,987000,987356,Regular,
1572,4/10/2018,STTD,864000,865564,984000,984317,Regular,
1576,4/24/2018,SHR,867000,872389,987000,987835,Regular,
1577,4/25/2018,STTD,871880,872000,987848,988000,Low,ebb tide
1583,5/1/2018,STTD,870541,872000,987747,988000,Low,
1585,5/2/2018,SHR,867712,870000,987478,988000,Low,
1586,6/28/2017,SDI,57757,61000,,,Low,
1587,6/28/2017,RVB,61170,64000,,,Low,
1588,6/28/2017,RYI,67200,70000,,,Low,
1589,6/28/2017,LIB,70199,72500,,,Low,
1590,6/28/2017,BL5,75742,78500,,,Low,
1591,6/29/2017,I80,9710,10004,,,Low,
1592,6/29/2017,RD22,8480,9678,,,Low,
1593,6/29/2017,RCS,6000,8392,,,Low,
1594,7/6/2017,SDI,55393,57800,,,Low,"Flooding, jet motor"
1595,7/6/2017,RVB,45859,48300,,,Low,
1596,7/6/2017,RYI,48272,50300,,,Low,FLOOD JET MOTOR USED
1597,7/6/2017,LIB,50290,52600,,,Low,
1598,7/6/2017,BL5,52614,55000,,,Low,Flood jet motor used
1599,7/7/2017,I80,996456,997565,,,Low,
1600,7/7/2017,RD22,997606,998782,,,Low,
1601,7/7/2017,RCS,998830,999990,,,Low,
1602,10/19/2017,RVB,904476,907300,,,Low,
1603,10/19/2017,RYI,907587,910079,,,Low,
1604,10/19/2017,LIB,910076,912500,,,Low,
1605,10/19/2017,BL5,912598,915000,,,Low,
1607,5/15/2018,STTD,866880,868000,986587,987000,Low,
1608,5/16/2018,SHR,864977,867000,986159,986500,Low,
1610,5/29/2018,SHR,863405,865000,985656,986000,Low,
1611,5/30/2018,STTD,862181,863400,985525,986000,Low,
1612,6/13/2018,SHR,858021,860000,983549,984000,Low,
1613,6/12/2018,STTD,860350,862000,984539,985000,Low,
1616,6/26/2018,STTD,856794,858000,983553,984000,Low,
1617,6/27/2018,SHR,854810,857000,983324,984000,Low,
1618,7/10/2018,RCS,965252,966550,,,Low,kayak tow
1620,7/10/2018,RD22,964057,965220,,,Low,Kayak tow
1622,7/10/2018,I80,963468,964030,,,Low,Kayak tow
1623,7/10/2018,LIS,961971,963460,,,Low,Kayak tow. Bag twisted-condition 2.
1624,7/12/2018,SHR,828706,831000,982549,983000,Low,
1625,7/11/2018,STTD,849304,851000,982791,983300,Low,No microcystis in nets. USGS live collected @11:15 (847432-849000)
1626,7/11/2018,BL5,843884,847000,,,Low,ALGAL Bloom? NO MICROCYSTIS
1627,7/11/2018,LIB,840009,843850,,,Low,little microcystis
1628,7/11/2018,RYI,835784,839940,,,Low,Low Microcystis
1629,7/11/2018,RVB,831859,835800,,,Low,microcystis- higher density than RYI- lots of small flakes
1630,7/11/2018,SDI,851092,854800,,,Low,stryker- microcystis in zoop
1634,7/26/2018,RCS,961022,961936,,,Low,
1636,7/26/2018,RD22,959676,960991,,,Low,
1638,7/26/2018,I80,958772,959666,,,Low,bag twist
1639,7/26/2018,LIS,957467,958752,,,Low,
1640,7/26/2018,STTD,804883,808000,981059,982000,Low,USGS: 13:28-13:33 801696-805000
1641,7/26/2018,BL5,808582,812000,,,Low,
1642,7/26/2018,LIB,811833,815000,,,Low,
1643,7/26/2018,RYI,814850,818000,,,Low,microcystis in zoop tow
1644,7/26/2018,RVB,817650,819000,,,Low,
1645,7/26/2018,SDI,818890,822000,,,Low,microcystis present in zoop net
1646,7/25/2018,SHR,824189,826000,981682,982000,Low,5 min USGS start:822221 end:824000
1647,8/7/2018,RCS,956347,957427,,,Low,
1649,8/7/2018,RD22,954912,956337,,,Low,
1653,8/2/2018,RYI,800679,802000,,,Low,
1655,8/2/2018,BL5,797533,800600,,,Low,
1656,8/2/2018,STTD,795575,797000,,,Low,
1663,8/7/2018,I80,953962,954888,,,Low,
1664,8/8/2018,LIS,951111,952590,,,Low,SFSU Live Zoop150 (5mins); Start time: 13:15 Start Mtr: 952608 End Mtr: 953919
1665,8/9/2018,SHR,761169,763800,980188,980500,Low,USGS Live Zoop. 150 tow (5 min.); Start time: 09:48 Start Mtr: 758040 End Mtr: 761100 Revs: 3060
1666,8/8/2018,SDI,792467,795537,,,Low,
1667,8/8/2018,STTD,776530,779185,980576,981018,Low,USGS Live Zoop 150 (5 mins); Start time: 14:21 Start Mtr:773627 End Mtr:776550
1668,8/8/2018,BL5,779207,782453,,,Low,Lots of filamentous algae in sample.
1669,8/8/2018,LIB,782549,785730,,,Low,
1670,8/8/2018,RYI,785747,789062,,,Low,
1671,8/8/2018,RVB,789105,792431,,,Low,
1678,8/13/2018,STTD,750329,752000,,,Low,
1679,8/13/2018,BL5,752018,755000,,,Low,
1680,8/13/2018,RYI,754916,758000,,,Low,
1681,8/21/2018,RCS,949801,951086,,,Low,
1683,8/21/2018,RD22,948351,949791,,,Low,
1685,8/21/2018,I80,947156,948340,,,Low,
1686,8/22/2018,LIS,949289,951829,,,Regular,Low flow prop broke- reg flow meter used. SFSU time: 9:50-9:55. SFSU meter: 947170-949295
1687,8/22/2018,STTD,725100,728000,979334,980000,Low,SFSU meter: 722056-725000 @14:10-14:15. USGS live meter: 719111-722000 @14:23-14:27
1688,8/22/2018,BL5,728273,732000,,,Low,Both Zoop 150 samples required 2 collection bottles each due to high algae levels. SFSU: 3166 revs @
1689,8/22/2018,LIB,735014,738000,,,Low,"lots of filamentous algae, sample collected in 2 bottles"
1690,8/22/2018,RYI,741614,744000,,,Low,SFSU 150: 737842-744000 @ 11:39-11:44
1691,8/22/2018,RVB,743951,747000,,,Low,
1692,8/22/2018,SDI,746862,750000,,,,
1693,8/23/2018,SHR,715941,719000,978938,979300,Low,USGS live 150: 712923-716000 @ 9:39-9:44
1694,9/18/2018,RCS,953101,954346,,,Low,USGS 9:25
1695,9/18/2018,RD22,951806,953081,,,Low,
1696,9/18/2018,I80,950295,951761,,,Low,
1705,8/30/2018,STTD,704448,706000,,,Low,USGS LIVE: 1632 revs @13:56-14:01
1706,8/30/2018,BL5,906290,907500,,,Low,
1708,8/30/2018,RYI,709848,713000,,,Low,
1711,9/4/2018,RCS,957663,959077,,,Low,
1713,9/4/2018,RD22,956612,957646,,,Low,
1715,9/4/2018,I80,954366,956610,,,Low,
1716,9/4/2018,LIS,951867,955969,,,Regular,"SFSU tows 5 min @10:15, live @10:27"
1717,9/5/2018,STTD,696288,699547,978380,978900,Low,Live USGS: 693016-696258 @ 11:19-11:24
1718,9/5/2018,LIB,689590,693000,,,,
1719,9/5/2018,RVB,686047,689557,,,Low,Microcystis present in tow
1720,9/5/2018,SDI,699657,702350,,,Low,Data sheet 150 stop time recorded as 10:51- changed to 09:51-AS
1721,9/6/2018,SHR,682887,686000,977708,978330,Low,USGS 679590-682880 @ 09:46-09:51
1725,9/20/2018,SHR,648252,650600,976633,977014,Low,"SFSU 150 LIVE start M: 645641, end M 648200. start T:10:19, end T:10:24"
1726,9/19/2018,LIS,948873,950270,,,Low,"SFSU 150M: Set T: 5, StartT10:04, StopT10:09, StartM 947444, EndM 948822"
1727,9/19/2018,STTD,650678,653800,977127,977700,Low,
1728,9/19/2018,BL5,978320,979214,,,Low,Tow taken by SFSU
1729,9/19/2018,LIB,661199,664300,,,Low,
1730,9/19/2018,RYI,981610,983733,,,Low,Tow taken by SFSU
1731,9/19/2018,RVB,665187,668500,,,Low,
1732,9/19/2018,SDI,668501,671000,,,Low,
1738,9/13/2018,STTD,671083,672743,,,Low,
1739,9/13/2018,BL5,672800,675783,,,Low,
1741,9/13/2018,RYI,675899,679600,,,Low,Went over 5 min by ~20 seconds
1744,9/5/2018,RYI,953745,957875,,,,Zoop tow collected by SFSU
1745,9/5/2018,BL5,586320,590038,,,,Zoop tow collected by SFSU
1753,10/9/2018,RCS,946297,947437,,,Low,
1755,10/9/2018,RD22,946267,947999,,,Low,
1757,10/9/2018,I80,944028,944985,,,Low,
1758,10/10/2018,LIS,940217,942000,,,Low,"SFSU LIVE: 9:15-9:20, SFSU 150: 9:26-9:31 942107-944000"
1759,10/10/2018,STTD,877537,881461,975696,976600,Low,"USGS live 5min tow 628018-625087, SFSU Collected 150 Zoop sample"
1760,10/10/2018,BL5,884556,888338,,,Low,SFSU Collected 150 Zoop sample
1761,10/10/2018,LIB,621734,625000,,,Low,
1762,10/10/2018,RYI,892608,896381,,,Low,SFSU Collected 150 Zoop sample
1763,10/10/2018,RVB,628063,631097,,,Low,
1764,10/10/2018,SDI,631145,634048,,,Low,
1765,9/27/2018,STTD,640579,641542,,,Low,
1766,9/27/2018,BL5,641579,644081,,,Low,
1768,9/27/2018,RYI,644152,645466,,,Low,
1778,10/4/2018,STTD,634076,635678,,,Low,
1779,10/4/2018,BL5,635774,638765,,,Low,
1781,10/4/2018,RYI,638788,640570,,,,
1784,10/11/2018,SHR,619308,621700,975095,975662,Low,"USGS Live Zoop150: 5mins, Start time: 09:53 End time: 09:58; Start meter: 616544 End meter: 619300"
1785,11/9/2018,SHR,565907,567934,972563,973000,Low,"150 micron live zoop tow (5 mins) start meter: 563656, end meter: 565945"
1787,11/8/2018,STTD,568933,570000,973350,973600,Low,150 live zoop: 5 min tow. (10:30-10:35) Start meter: 567986. End meter: 569000
1789,11/27/2018,SHR,559490,562000,971829,972000,Low,
1790,11/26/2018,STTD,562325,563600,972144,972400,Low,
1792,10/18/2018,STTD,611159,612539,,,Low,
1793,10/18/2018,BL5,612652,614731,,,Low,
1795,10/18/2018,RYI,614806,616500,,,Low,
1809,11/1/2018,STTD,569870,574000,,,Low,
1810,11/1/2018,BL5,574012,578000,,,Low,
1812,11/1/2018,RYI,578037,582000,,,Low,
1815,10/25/2018,RCS,939488,940000,,,Low,"No flow at all, low water"
1817,10/25/2018,RD22,938986,940000,,,Low,No flow. Had to redo first tow because of low meter reading(1st tow = 6 revs). Kayak tow seems good
1818,10/25/2018,SDI,608219,610936,,,Low,
1819,10/25/2018,STTD,601612,604813,974214,975082,Low,5 min USGS sample 3363 revs.10:19-10:24
1821,10/25/2018,BL5,597710,601582,,,Low,
1822,10/25/2018,I80,937716,938500,,,Low,low water levels at I-80
1823,10/25/2018,LIB,594087,597672,,,Low,
1824,10/25/2018,RYI,590594,594062,,,Low,
1825,10/25/2018,RVB,586575,590581,,,Low,
1826,10/25/2018,LIS,936826,937700,,,Low,"construction at Lisbon weir (blocked off), outgoing tide."
1827,10/26/2018,SHR,582313,584314,973689,974200,Low,USGS live sample 5 mins 584316-586506 revs
1829,12/12/2018,SHR,555615,558769,970876,971488,Low,
1830,12/11/2018,STTD,558788,560000,971462,971700,Low,
1832,12/26/2018,STTD,553169,555000,970176,970600,Low,
1833,12/27/2018,SHR,553908,555000,969839,970000,Low,reduced sampling times- lots of silt in the water
1834,1/9/2019,SHR,552135,553000,969172,969296,Low,Sampled closer to East shore due to wind. *Set times reduced due to high silt*
1836,1/8/2019,STTD,552399,554000,969568,970000,Low,
1837,1/23/2019,SHR,555000,556553,970000,970249,Regular,"silt created backflow, reduced set times. ZOOP150 set time: 2.5 minutes 10:12 - 10:14:30"
1838,1/22/2019,STTD,552000,554749,969000,969718,Regular,reduced set times due to hgh silt
1840,3/12/2019,SHR,581000,584550,989800,990397,Regular,
1841,3/11/2019,STTD,577000,581337,987100,989749,Regular,
1843,2/20/2019,SHR,569000,572306,981000,981404,Regular,silt- reduced set times
1844,2/19/2019,STTD,562000,565613,979000,981630,Regular,"150MeterSetTime was 2 and a half minutes (2.5 mins), time cut in half due to silt and debris"
1847,2/27/2019,SHR,545700,577395,984400,984716,Regular,
1848,2/26/2019,STTD,570000,575682,,,Regular,2 minute 150Zoop tow due to High flow. Did not have Zoop50 tow
1849,2/4/2019,SHR,556590,558097,973400,973658,Regular,50 net backed up with silt
1850,2/5/2019,STTD,558100,562680,974000,974631,Regular,reduced set times due to high silt
1852,3/20/2019,STTD,585000,591327,990946,993090,Regular,
1854,3/21/2019,SHR,591000,595017,993180,993889,Regular,
1856,3/28/2019,STTD,595000,599007,996000,996832,Regular,"High flow, 2 & 1 min set"
1857,3/29/2019,SHR,599000,601411,997000,997426,Regular,50um flow meter may habe been vertical for portion of tow. Cut times due to silt.
1859,4/3/2019,STTD,601000,609953,0,1383,Regular,
1860,4/4/2019,SHR,610000,611944,0,397,Regular,"re-towed with shortened se time, high silt, flow meters stopped."
1862,4/8/2019,STTD,612020,618372,430,2312,Regular,
1863,4/9/2019,SHR,618000,620977,0,548,Regular,50um spun but got clogged and water backed up and came out. Super silty
1864,4/15/2019,STTD,621000,629448,10,2085,Regular,"50um: was in the water 5-10 seconds over time, set times shortened due to high flow and debris"
1866,4/16/2019,SHR,630000,632138,2100,3056,Regular,
1868,4/23/2019,SHR,637000,640057,3000,3257,Regular,"50 NET CLOGGED WITH SILT, CUT SET TIME FROM 2 MINUTES TO 1 MINUTE"
1872,4/22/2019,STTD,632000,636614,3156,3974,Regular,
1874,5/6/2019,STTD,997877,999990,2769,3200,Low,
1875,5/7/2019,SHR,995519,997600,2115,3000,Low,
1876,5/20/2019,STTD,992332,995500,2261,2647,Low,
1878,5/21/2019,SHR,979337,980400,2811,3000,Low,Shortened tow time due to high sediment. 2x 5min zoop 150 tows for USGS
1879,6/3/2019,STTD,972666,975400,2205,2700,Low,USGS: 2x 5 min zoop150 tows
1881,6/4/2019,SHR,961867,966018,1718,2161,Low,
1882,7/2/2019,SHR,925561,929100,998940,999407,Low,
1883,7/1/2019,STTD,933209,935200,999515,1000038,Low,
1885,6/17/2019,STTD,950304,952698,1146,1700,Low,
1886,6/18/2019,SHR,942109,945300,242,1105,Low,
1888,7/15/2019,STTD,916800,918700,998394,999000,Low,
1890,7/16/2019,SHR,907719,910000,997364,998000,Low,
1891,8/6/2019,RD22,934120,934444,,,Low,
1892,8/6/2019,RD22,932727,934000,,,Low,
1893,8/6/2019,RCS,934462,935251,,,Low,
1895,8/6/2019,I80,890725,891431,,,Low,
1896,8/5/2019,SHR,897949,901025,994764,995335,Low,
1897,8/6/2019,RMB,935359,936800,,,Low,
1898,8/6/2019,LIS,890556,890720,,,Low,
1900,8/7/2019,BL5,982387,986000,,,Low,
1901,8/7/2019,STTD,971346,974965,993235,994200,Low,
1902,8/7/2019,STTD,967365,971334,,,Low,Tide switched to Ebb between first and dup. tow.
1903,8/7/2019,RVB,996490,1000000,,,Low,
1904,8/7/2019,RYI,993552,996480,,,Low,
1905,8/7/2019,LIB,989774,993431,,,Low,
1906,8/7/2019,LIB,985827,989695,,,Low,
1907,8/19/2019,SHR,957287,960537,990473,991000,Low,
1908,8/20/2019,LIS,929512,931000,,,Low,
1909,8/20/2019,I80,932045,933000,,,Low,
1910,8/20/2019,I80,931152,932000,,,Low,
1911,8/20/2019,RD22,887594,888757,,,Low,
1914,8/20/2019,RCS,888836,889700,,,Low,
1915,8/20/2019,RMB,889778,890492,,,Low,
1916,8/21/2019,RVB,946615,950200,,,Low,
1917,8/21/2019,RYI,943025,946500,,,Low,
1918,8/21/2019,LIB,939600,943000,,,Low,
1919,8/21/2019,BL5,935973,939500,,,Low,
1920,8/21/2019,STTD,931894,933000,989984,990400,Low,
1921,8/21/2019,STTD,930740,932000,,,Low,
1922,9/3/2019,RMB,928616,930000,,,Low,"Strong current, sample was collected from top of bridge."
1923,9/3/2019,RCS,927655,929000,,,Low,
1925,9/3/2019,RD22,925713,927000,,,Low,
1927,9/3/2019,I80,928348,929440,,,Low,Reduced time to 2:48 instead of 5 minutes due to high flow and high sediment.
1928,9/3/2019,LIS,926687,928200,,,Low,
1929,9/4/2019,STTD,843416,845200,989560,990000,Low,
1930,9/4/2019,BL5,845225,848400,,,Low,
1931,9/4/2019,LIB,848500,852261,,,Low,
1932,9/4/2019,RYI,854108,855500,,,Low,
1933,9/4/2019,RVB,855541,859100,,,Low,
1934,9/5/2019,SHR,834210,838000,989146,989511,Low,
1935,9/3/2019,LIS,925195,927000,,,Low,
1936,9/4/2019,STTD,841598,843408,,,Low,
1937,9/4/2019,RYI,852288,854100,,,Low,
1938,9/5/2019,SHR,830569,834000,,,Low,
1939,9/17/2019,LIS,921030,921843,,,Low,
1940,9/16/2019,SHR,820462,823989,988561,988999,Low,
1941,9/17/2019,I80,922205,925000,,,Low,Stationary tow.
1943,9/17/2019,RCS,922019,924000,,,Low,
1944,9/17/2019,RCS,920254,922000,,,Low,
1945,9/17/2019,RD22,918869,920245,,,Low,
1947,9/17/2019,RMB,923913,925078,,,Low,
1948,9/18/2019,RVB,810014,813800,,,Low,
1949,9/18/2019,STTD,795258,797274,987996,988376,Low,
1950,9/18/2019,STTD,793049,795094,,,Low,
1951,9/18/2019,RYI,807818,810000,,,Low,
1952,9/18/2019,LIB,804425,807795,,,Low,
1953,9/18/2019,BL5,801233,804410,,,Low,
1954,9/18/2019,BL5,797495,801224,,,Low,
1955,9/30/2019,SHR,786272,789405,987487,987867,Low,Zoop50 had air bubble.
1957,10/1/2019,RMB,918486,918832,,,Low,
1958,10/1/2019,RMB,918055,918482,,,Low,
1959,10/1/2019,I80,920014,920700,,,Low,
1960,10/1/2019,LIS,919547,919977,,,Low,
1961,10/1/2019,RCS,917791,918055,,,Low,
1963,10/1/2019,RD22,917081,917775,,,Low,"Rope got caught on a rock, set time was 4 minutes and 30 seconds."
1964,10/2/2019,RVB,776776,780391,,,Low,
1965,10/2/2019,RVB,773180,776800,,,Low,
1966,10/2/2019,RYI,770934,773200,,,,
1967,10/2/2019,LIB,769617,770901,,,Low,
1968,10/2/2019,BL5,766167,769600,,,Low,
1969,10/2/2019,STTD,764465,766100,987063,987443,Low,
1970,10/2/2019,STTD,762766,764400,,,Low,
1971,10/15/2019,LIS,918469,920000,,,Low,
1972,10/14/2019,SHR,757206,760000,985554,986200,Low,
1973,10/15/2019,RD22,915359,916100,,,Low,
1975,10/15/2019,RCS,916166,916690,,,Low,
1976,10/15/2019,RMB,916723,917000,,,Low,Low Flow
1978,10/15/2019,I80,914459,915000,,,Low,Too shallow to perform 5 minute tow (net hits on the bottom)
1979,10/15/2019,LIS,916428,918000,,,Low,
1980,10/16/2019,STTD,739813,741086,985292,985472,Low,
1981,10/16/2019,STTD,738546,739817,,,Low,
1982,10/16/2019,BL5,741104,744600,,,Low,net pulled half way out for a few seconds before the time ended.
1983,10/16/2019,LIB,744631,745327,,,Low,
1984,10/16/2019,RYI,745327,747000,,,Low,
1985,10/16/2019,RVB,747038,751000,,,Low,
1986,10/28/2019,SHR,729933,733870,996519,997800,Low,
1987,10/29/2019,STTD,720868,721900,718196,718400,Low,Issues w/ 50 flowmeter; replaced with one from 150 net.
1990,11/13/2019,SHR,995393,999000,717213,717990,Low,Air bubble in cod end of 50 net
1993,11/14/2019,STTD,986284,988000,716856,717200,Low,
1994,11/26/2019,STTD,973196,973657,715724,716000,Low,
1996,11/25/2019,SHR,979307,982100,716458,717000,Low,Took USGS tow for 10 mins.
1997,12/9/2019,STTD,969540,972000,715205,715660,Low,
1999,12/10/2019,SHR,967171,969510,714957,715200,Low,
2001,12/26/2019,STTD,960955,962000,714671,714800,Low,
2003,12/27/2019,SHR,958032,960900,714421,714600,Low,High silt may have affected flow meter.
2005,1/7/2020,SHR,943468,945600,712954,713400,Low,Zoop50 tow ran long (2min40sec) because we lost track of time.
2007,1/28/2020,SHR,930323,933000,712246,712500,Low,
2009,1/27/2020,STTD,936589,938000,712587,712900,Low,
2010,1/6/2020,STTD,949788,952000,713536,714000,Low,
